"","Arthoniomycetes","Candelariomycetes","Chaetothyriomycetes","Dothideomycetes","Lecanoromycetes","Lichinomycetes"
"Arthoniomycetes",0.0553333333333333,0.0113333333333333,0,0.0466666666666667,0.02,0
"Candelariomycetes",0.00555555555555556,0.0422222222222222,0.00777777777777778,0.0111111111111111,0.0305555555555556,0.0172222222222222
"Chaetothyriomycetes",0,0,0.052,0.00666666666666667,0.00933333333333333,0.05
"Dothideomycetes",0,0.0102631578947368,0.00447368421052632,0.0176315789473684,0.00578947368421053,0.0102631578947368
"Lecanoromycetes",0.00179775280898876,0.012434456928839,0.0223970037453184,0.010749063670412,0.0293632958801498,0.0102621722846442
"Lichinomycetes",0,0,0.0314285714285714,0,0,0.0314285714285714
